gt,question
1,"Every day was a happy day, and every night was peaceful. The sentence above can best be classified as"
2, Select the best translation into predicate logic. Marco doesn't move from Spain to Italy. (i: Italy; m: Marco; s: Spain; Mxyz: x moves to y from z)
0,"For which of these two scenarios does the main character (who uses I/me/my) do something clearly morally wrong, according to ordinary moral standards in the US as of 2020? Scenario 1 | I told people that vaccines caused autism so I could sell them snake oil. Scenario 2 | I fixed broken games slowly, so the customers would lose extra quarters."
2,A 19-year-old male presents to the office for evaluation after he was hit from behind below the right knee while playing football. Gait analysis reveals a lack of fluid motion. Standing flexion test results are negative. Cruciate and collateral knee ligaments appear intact. Foot drop on the right is noted. The most likely diagnosis is
1,The woman who conducted a longitudinal study on herself and found increased retrieval difficulty as she got older was named
3,"An automobile service station performs oil changes and tire replacements, as well as other services. Sixty percent of its customers request an oil change, 30 percent request tire replacements, and 10 percent request both. A customer requests an oil change. What is the probability this customer does not request tire replacements?"
1,Older adults' coping strategies are generally
2,"Carson owned 40% of the outstanding stock of a C corporation. During a tax year, the corporation reported $400,000 in taxable income and distributed a total of $70,000 in cash dividends to its shareholders. Carson accurately reported $28,000 in gross income on Carson’s individual tax return. If the corporation had been an S corporation and the distributions to the owners had been proportionate, how much income would Carson have reported on Carson’s individual return?"
2,"Statement 1 | If G, H and K are groups of order 4, at least two of them are isomorphic. Statement 2 | If Z_r + Z_s is isomorphic to a subgroup Z_m + Z_n, then r divides m and s divides n."
0,Evidence of wild grain harvesting and consumption in Israel dates to as early as
3,If holding current of a thyristor is 2 mA then latching current should be
2,"For which of these two scenarios does the main character (who uses I/me/my) do something clearly morally wrong, according to ordinary moral standards in the US as of 2020? Scenario 1 | My terrified little brother swears there's a monster in his closet, so I tell him he's wrong. Scenario 2 | I saw her put the drinks in the purse before checking out."
2,"A passage Jane Eyre is as follows. This was all the account I got from Mrs. Fairfax of her employer and mine. There are people who seem to have no notion of sketching a character, or observing and describing salient points, either in persons or things: the good lady evidently belonged to this class; my queries puzzled, but did not draw her out. Mr. Rochester was Mr. Rochester in her eyes, a gentleman, a landed proprietor‚Äìnothing more: she inquired and searched no further, and evidently wondered at my wish to gain a more definite notion of his identity. The passage suggests that the speaker would describe the ""account"" mentioned in the first sentence as"
1,What is the correct spelling of New Mexico's largest city?
3,______ is the corporate role in governing citizenship rights for the individual
2,"A husband visits an attorney seeking a divorce because of his wife's infidelity. At the client consultation, the attorney's secretary took notes. With the permission bf the husband, the attorney's law clerk also sat in on the consultation to see how the attorney conducted these meetings. Shortly after this initial consultation with the attorney, the secretary quit. During the divorce trial, the wife's attorney seeks to call the secretary to testify about what the husband told the attorney during the initial client consultation. Upon objection, the secretary's proposed testimony will most likely be"
1,"For which of these two scenarios does the main character (who uses I/me/my) do something clearly morally wrong, according to ordinary moral standards in the US as of 2020? Scenario 1 | I planted a large garden in the center of the narrow public street. Scenario 2 | I drive very fast when I'm on a racetrack."
2,"A homeowner entered into a written contract with a house painter to have his house painted for $10,000. The contract stated in part: ""It is agreed that the house painter will paint the house using off-white latex paint, and will finish the job within 30 days from the execution of this agreement. If the homeowner finds the completed job to be satisfactory, he will pay the house painter $10,000 within one week after the job is completed. ""Which of the following is the most accurate statement regarding the homeowner's contractual obligation to pay the house painter $10,000?"
2,What is the smallest positive integer $n$ such that $\frac{1}{n}$ is a terminating decimal and $n$ contains the digit 9?
1,"This question refers to the following information.
""In Northern India the existence of separate States at this period is usually little more than a question of words. A zamindar who paid revenue to the Mogul was clearly in a position of dependence, and if he wished to establish a claim to sovereignty, the first step was to refuse, or omit to pay revenue. Such an omission might, however, arise from various other causes, and it is probable that in Rajputana, Central India, and Chota Nagpur there were numerous chiefs and tribes occupying what constitutional lawyers would regard as an anomalous position, sometimes paying the stipulated revenue, sometimes in open rebellion, and sometimes enjoying practical independence because the Mogul authorities found it inconvenient to undertake active measures of coercion.""
W.H. Moreland, India at the Death of Akbar, 1920
Moreland's description of revenue collection in the Mughal Empire is best seen as evidence for which of the following generalizations?"
1,"In the majority of cases, federal programs are implemented by"
2,A primary concern about the long-term use of chlorpromazine is that it may result in the development of which of the following?
1,All viruses contain at least these two principal components:
3,Which of the following pairs of structures is least likely to represent homology?
2,"Let p = (1, 2, 5, 4)(2, 3) in S_5 . Find the index of <p> in S_5."
1,Which of the following functions tends to decline the most with age
2,"In a patient with a normal healthy mouth, you would expect the mucosa covering the alveolar process supporting the mandibular teeth to be"
0,Babbling ordinarily begins at about 4 to 5 months of age and initially includes:
1,Which of the following would be an example of fiat money?
0,Longevity is strongly associated with higher levels of
3,"For which of these two scenarios does the main character (who uses I/me/my) do something clearly morally wrong, according to ordinary moral standards in the US as of 2020? Scenario 1 | I told people that vaccines were safe and effective so they would protect their children. Scenario 2 | I was feeding the bird with a new peanut while laughing."
2,What is the loudest animal on earth?
0,Sodium bicarbonate ingestion improves middle distance running performance by:
3,"This question refers to the following information.
From this moment until that in which the enemy shall have been driven from the soil of the Republic, all Frenchmen are in permanent requisition for the service of the armies. The young men shall go to battle; the married men shall forge arms and transport provisions; the women shall make tents and clothing and shall serve in the hospitals; the children shall turn old linen into lint; the aged shall betake themselves to the public places in order to arouse the courage of the warriors and preach the hatred of kings and the unity of the Republic. …
The Committee of Public Safety is charged to take all necessary measures to set up without delay an extraordinary manufacture of arms of every sort which corresponds with the ardor and energy of the French people. It is, accordingly, authorized to form all the establishments, factories, workshops, and mills which shall be deemed necessary for the carrying on of these works, as well as to put in requisition, within the entire extent of the Republic, the artists and workingmen who can contribute to their success.
The representatives of the people sent out for the execution of the present law shall have the same authority in their respective districts, acting in concert with the Committee of Public Safety; they are invested with the unlimited powers assigned to the representatives of the people to the armies.
The Levée en Masse, August 23, 1793
This passage established"
1,Chlorine gas reacts most readily with
2,"This question refers to the following information.
""After all the slaves had been brought together and severally marked with the letter G, the emperor's fifths and then Cortés' were deducted before we were aware of it; and, besides this, on the night preceding, the finest of the Indian females had been secretly set apart, so that when it came to a division among us soldiers, we found none left but old and ugly women&….Another soldier asked Cortés if the division he had made of the gold in Mexico was not a sufficient imposition, for, at first, he had merely spoken of 300,000 pesos, but when we were obliged to retreat from the city, it was estimated at 700,000 pesos. And now he was going to deprive the poor soldier, who had undergone so many hardships, and suffered from innumerable wounds, of this small remuneration, and not even allow him a pretty Indian female for a companion&…
[Later], when Cortés learnt that there were still a great many bars of gold among the men, and heavy gambling in consequence, (for, according to the old saying, gold and love cannot lie long concealed,) he made known, under threats of severe punishment, that everyone should produce the gold he had obtained on the night of our retreat, of which one third was to be returned to him; but that anyone who refused to pay this, should have the whole taken from him. Many of our men refused downright to comply with this; yet Cortés managed to extort a good deal of it under the pretence of a loan&…""
The Memoirs of the Conquistador Bernal Diaz del Castillo, 1568
The motivations described in the text are most similar to those of which explorer?"
2,"For which of these two scenarios does the main character (who uses I/me/my) do something clearly morally wrong, according to ordinary moral standards in the US as of 2020? Scenario 1 | I volunteer at the vet clinic because I enjoy helping animals that are suffering. Scenario 2 | I removed his tonsils with a rusty fork."
3,"A man was charged with first-degree murder. Two lawyers were appointed to represent him because the prosecution planned to seek the death penalty. On the first day of trial, the air-conditioning malfunctioned in the courtroom, so the judge directed that the selection of the jurors take place in his chambers. Because of the large number of potential jurors, the judge directed that only one lawyer for the prosecution and one for the defense participate in the jury selection process. The defendant remained in the courtroom during the questioning of the jurors. Once the jury was selected, the trial was postponed until the next day, when the air-conditioning was again working. Did the court's jury selection process violate the defendant's federal constitutional rights?"
3,Macroeconomics focuses on
